Size Bound,Players,Total Time,Propositions,Solver,Encoding Time,Verification,Learned Formula Size,Solving Time,Original Formula,Sample,Sample size,Learned Formula,Formula Type,Model Type
20,2,16.77,3,msat,15.29,True,3,1.49,<>G((p -> <0>X((r & (<1>X(q) & <1>G((! q))))))),test_suite/large_cgs/CGS/f:07-nm:010-sm:023.sp,11,<>G((! p)),atl,cgs
20,2,25.5,2,msat,17.96,True,5,7.53,<>G((p -> <1>X(q))),test_suite/large_cgs/CGS/f:06-nm:005-sm:013.sp,10,<0>G(<>X((! <>X(p)))),atl,cgs
20,2,95.69,2,msat,41.06,True,6,54.63,<>G(((p & (! q)) -> <1>G(p))),test_suite/large_cgs/CGS/f:03-nm:010-sm:008.sp,20,<>G((p -> (q | <1>G(p)))),atl,cgs
20,2,17.31,2,msat,16.78,True,2,0.53,<0>F(p),test_suite/large_cgs/CGS/f:02-nm:015-sm:018.sp,30,<0>F(p),atl,cgs
20,2,550.78,2,msat,530.32,True,4,20.46,<>G((p -> <1>G(p))),test_suite/large_cgs/CGS/f:04-nm:030-sm:018.sp,60,<>G((p -> <1>G(p))),atl,cgs
20,2,1.27,2,msat,1.24,True,2,0.03,<1>X(p),test_suite/large_cgs/CGS/f:01-nm:025-sm:003.sp,50,<1>X(p),atl,cgs
20,2,1.58,2,msat,1.54,True,2,0.03,<1>X(p),test_suite/large_cgs/CGS/f:01-nm:030-sm:003.sp,60,<1>X(p),atl,cgs
20,2,1.56,3,msat,1.51,True,3,0.05,<>G((p -> <0>X((r & (<1>X(q) & <1>G((! q))))))),test_suite/large_cgs/CGS/f:07-nm:015-sm:003.sp,30,(! <1>F(p)),atl,cgs
20,2,405.43,2,msat,364.06,True,4,41.38,<>G((p -> <1>G(p))),test_suite/large_cgs/CGS/f:04-nm:025-sm:018.sp,50,<>G((p -> <1>G(p))),atl,cgs
20,2,103.55,2,msat,88.02,True,5,15.53,"<>G((p -> <0,1>F(q)))",test_suite/large_cgs/CGS/f:05-nm:020-sm:008.sp,40,"<>G((p -> <0,1>F(q)))",atl,cgs
20,2,8.9,2,msat,6.37,True,5,2.53,<>G(((p & (! q)) -> <1>G(p))),test_suite/large_cgs/CGS/f:03-nm:005-sm:008.sp,10,<>G((<1>X(p) -> <1>X(<1>X(p)))),atl,cgs
20,2,92.25,2,msat,61.31,True,5,30.93,<>G((p -> <1>X(q))),test_suite/large_cgs/CGS/f:06-nm:010-sm:013.sp,20,<>G((p -> <1>X(q))),atl,cgs
20,2,49.04,2,msat,47.84,True,2,1.2,<1>X(p),test_suite/large_cgs/CGS/f:01-nm:020-sm:023.sp,40,<1>X(p),atl,cgs
20,2,6.05,3,msat,5.58,True,3,0.48,<>G((p -> <0>X((r & (<1>X(q) & <1>G((! q))))))),test_suite/large_cgs/CGS/f:07-nm:005-sm:023.sp,6,(! <1>F(p)),atl,cgs
20,2,176.77,2,msat,172.05,True,3,4.71,"<>G((p -> <0,1>F(q)))",test_suite/large_cgs/CGS/f:05-nm:020-sm:023.sp,40,"<>G(<0,1>F(q))",atl,cgs
20,2,142.91,2,msat,54.88,True,5,88.02,<>G(((p & (! q)) -> <1>G(p))),test_suite/large_cgs/CGS/f:03-nm:005-sm:023.sp,10,"<>F((<1>X(<0,1>X(p)) -> p))",atl,cgs
20,2,3.95,2,msat,3.78,True,2,0.17,<0>F(p),test_suite/large_cgs/CGS/f:02-nm:010-sm:013.sp,20,<0>F(p),atl,cgs
20,2,5.59,2,msat,5.43,True,2,0.15,<1>X(p),test_suite/large_cgs/CGS/f:01-nm:020-sm:008.sp,40,<1>X(p),atl,cgs
20,2,1.42,3,msat,1.32,True,3,0.1,<>G((p -> <0>X((r & (<1>X(q) & <1>G((! q))))))),test_suite/large_cgs/CGS/f:07-nm:005-sm:008.sp,10,"(! <0,1>F(p))",atl,cgs
20,2,23.45,2,msat,22.76,True,5,0.69,"<>G((p -> <0,1>F(q)))",test_suite/large_cgs/CGS/f:05-nm:030-sm:003.sp,60,"<>G((p -> <0,1>F(q)))",atl,cgs
20,2,21.48,2,msat,13.02,True,6,8.46,<>G(((p & (! q)) -> <1>G(p))),test_suite/large_cgs/CGS/f:03-nm:015-sm:003.sp,30,<>G((q | (p -> <1>G(p)))),atl,cgs
20,2,18.1,2,msat,17.51,True,5,0.59,"<>G((p -> <0,1>F(q)))",test_suite/large_cgs/CGS/f:05-nm:025-sm:003.sp,50,"<>G((p -> <0,1>F(q)))",atl,cgs
20,2,560.6,2,msat,268.69,True,5,291.91,<>G((p -> <1>X(q))),test_suite/large_cgs/CGS/f:06-nm:015-sm:018.sp,30,<>G((p -> <1>X(q))),atl,cgs
20,2,5.25,3,msat,5.05,True,3,0.2,<>G((p -> <0>X((r & (<1>X(q) & <1>G((! q))))))),test_suite/large_cgs/CGS/f:07-nm:010-sm:008.sp,20,<>G((! p)),atl,cgs
20,2,1.24,2,msat,1.16,True,2,0.08,<0>F(p),test_suite/large_cgs/CGS/f:02-nm:005-sm:013.sp,10,<0>X(p),atl,cgs
20,2,130.16,2,msat,124.55,True,4,5.61,<>G((p -> <1>G(p))),test_suite/large_cgs/CGS/f:04-nm:020-sm:013.sp,40,<>G((p -> <1>G(p))),atl,cgs
20,2,0,2,msat,0,,,0,<>G(((p & (! q)) -> <1>G(p))),test_suite/large_cgs/CGS/f:03-nm:010-sm:023.sp,20,,atl,cgs
20,2,74.47,2,msat,72.76,True,2,1.71,<0>F(p),test_suite/large_cgs/CGS/f:02-nm:025-sm:023.sp,50,<0>F(p),atl,cgs
20,2,131.95,2,msat,125.08,True,5,6.87,<>G((p -> <1>X(q))),test_suite/large_cgs/CGS/f:06-nm:025-sm:008.sp,50,<>G((p -> <1>X(q))),atl,cgs
20,2,0,2,msat,0,,,0,<>G(((p & (! q)) -> <1>G(p))),test_suite/large_cgs/CGS/f:03-nm:030-sm:013.sp,60,,atl,cgs
20,2,184.11,2,msat,141.11,True,5,43.01,"<>G((p -> <0,1>F(q)))",test_suite/large_cgs/CGS/f:05-nm:015-sm:013.sp,30,"<>G(<0,1>(p U (p -> q)))",atl,cgs
20,2,2.28,2,msat,2.16,True,4,0.12,<>G((p -> <1>G(p))),test_suite/large_cgs/CGS/f:04-nm:010-sm:003.sp,20,<>G((p -> <>G(p))),atl,cgs
20,2,813.74,3,msat,451.42,True,5,362.32,<>G((p -> <0>X((r & (<1>X(q) & <1>G((! q))))))),test_suite/large_cgs/CGS/f:07-nm:020-sm:018.sp,40,"<>G((<0,1>(p U <0>X(p)) -> <0>X(p)))",atl,cgs
20,2,2.58,2,msat,2.4,True,2,0.18,<1>X(p),test_suite/large_cgs/CGS/f:01-nm:005-sm:018.sp,10,<1>X(q),atl,cgs
20,2,8.23,2,msat,7.83,True,2,0.4,<1>X(p),test_suite/large_cgs/CGS/f:01-nm:010-sm:018.sp,20,<1>X(p),atl,cgs
20,2,0.73,2,msat,0.67,True,4,0.06,<>G((p -> <1>G(p))),test_suite/large_cgs/CGS/f:04-nm:005-sm:003.sp,10,"(<0,1>F(q) -> <>X(q))",atl,cgs
20,2,0.85,2,msat,0.83,True,2,0.02,<0>F(p),test_suite/large_cgs/CGS/f:02-nm:020-sm:003.sp,40,<0>F(p),atl,cgs
20,2,1497.3,2,msat,642.09,True,6,855.22,<>G(((p & (! q)) -> <1>G(p))),test_suite/large_cgs/CGS/f:03-nm:025-sm:013.sp,50,<>G((q | (p -> <1>G(p)))),atl,cgs
20,2,248.03,2,msat,184.03,True,5,64.0,<>G((p -> <1>X(q))),test_suite/large_cgs/CGS/f:06-nm:030-sm:008.sp,60,<>G((p -> <1>X(q))),atl,cgs
20,2,237.1,2,msat,228.36,True,4,8.74,<>G((p -> <1>G(p))),test_suite/large_cgs/CGS/f:04-nm:015-sm:023.sp,30,<>G((p -> <1>X(p))),atl,cgs
20,2,107.61,2,msat,105.49,True,2,2.11,<0>F(p),test_suite/large_cgs/CGS/f:02-nm:030-sm:023.sp,60,<0>F(p),atl,cgs
20,2,2153.37,2,msat,1761.96,True,5,391.41,<>G((p -> <1>X(q))),test_suite/large_cgs/CGS/f:06-nm:030-sm:023.sp,60,<>G((p -> <1>X(q))),atl,cgs
20,2,32.41,2,msat,29.18,True,4,3.23,<>G((p -> <1>G(p))),test_suite/large_cgs/CGS/f:04-nm:015-sm:008.sp,30,<>G((p -> <1>X(p))),atl,cgs
20,2,12.09,2,msat,11.88,True,2,0.2,<0>F(p),test_suite/large_cgs/CGS/f:02-nm:030-sm:008.sp,60,<0>F(p),atl,cgs
20,2,1158.5,3,msat,633.09,True,6,525.41,<>G((p -> <0>X((r & (<1>X(q) & <1>G((! q))))))),test_suite/large_cgs/CGS/f:07-nm:025-sm:013.sp,50,<>G((<>X(<0>F(p)) -> (! p))),atl,cgs
20,2,16.19,2,msat,15.69,True,5,0.51,<>G((p -> <1>X(q))),test_suite/large_cgs/CGS/f:06-nm:020-sm:003.sp,40,<>G((p -> <1>X(q))),atl,cgs
20,2,389.09,2,msat,122.15,True,5,266.94,"<>G((p -> <0,1>F(q)))",test_suite/large_cgs/CGS/f:05-nm:010-sm:018.sp,20,"<>G((p -> <0,1>F(q)))",atl,cgs
20,2,1924.09,2,msat,815.78,True,6,1108.31,<>G(((p & (! q)) -> <1>G(p))),test_suite/large_cgs/CGS/f:03-nm:020-sm:018.sp,40,"<>G(<0,1>(q U (p -> <1>G(p))))",atl,cgs
20,2,19.63,2,msat,16.9,True,4,2.72,"<>G((p -> <0,1>F(q)))",test_suite/large_cgs/CGS/f:05-nm:005-sm:018.sp,10,"<0,1>(p U (! <0,1>X(p)))",atl,cgs
20,2,0,3,msat,0,,,0,<>G((p -> <0>X((r & (<1>X(q) & <1>G((! q))))))),test_suite/large_cgs/CGS/f:07-nm:030-sm:013.sp,60,,atl,cgs
20,2,8.4,2,msat,8.18,True,2,0.23,<1>X(p),test_suite/large_cgs/CGS/f:01-nm:015-sm:013.sp,30,<1>X(p),atl,cgs
20,2,7.97,2,msat,7.8,True,2,0.16,<0>F(p),test_suite/large_cgs/CGS/f:02-nm:025-sm:008.sp,50,<0>F(p),atl,cgs
20,2,1667.71,2,msat,1237.87,True,5,429.83,<>G((p -> <1>X(q))),test_suite/large_cgs/CGS/f:06-nm:025-sm:023.sp,50,<>G((p -> <1>X(q))),atl,cgs
20,2,197.6,2,msat,91.7,True,6,105.9,<>G(((p & (! q)) -> <1>G(p))),test_suite/large_cgs/CGS/f:03-nm:015-sm:008.sp,30,<>G((q | (p -> <1>G(p)))),atl,cgs
20,2,268.82,2,msat,201.91,True,5,66.92,"<>G((p -> <0,1>F(q)))",test_suite/large_cgs/CGS/f:05-nm:030-sm:008.sp,60,"<>G((p -> <0,1>F(q)))",atl,cgs
20,2,33.21,3,msat,31.24,True,3,1.96,<>G((p -> <0>X((r & (<1>X(q) & <1>G((! q))))))),test_suite/large_cgs/CGS/f:07-nm:015-sm:023.sp,16,"(! <0,1>F(p))",atl,cgs
20,2,104.83,2,msat,102.79,True,2,2.04,<1>X(p),test_suite/large_cgs/CGS/f:01-nm:030-sm:023.sp,60,<1>X(p),atl,cgs
20,2,0.28,3,msat,0.26,True,3,0.02,<>G((p -> <0>X((r & (<1>X(q) & <1>G((! q))))))),test_suite/large_cgs/CGS/f:07-nm:005-sm:003.sp,10,(! <1>F(p)),atl,cgs
20,2,1.01,2,msat,0.98,True,2,0.03,<1>X(p),test_suite/large_cgs/CGS/f:01-nm:020-sm:003.sp,40,<1>X(p),atl,cgs
20,2,8.35,2,msat,7.96,True,2,0.39,<0>F(p),test_suite/large_cgs/CGS/f:02-nm:010-sm:018.sp,20,<0>F(p),atl,cgs
20,2,257.48,2,msat,234.84,True,4,22.64,<>G((p -> <1>G(p))),test_suite/large_cgs/CGS/f:04-nm:020-sm:018.sp,40,<>G((p -> <1>G(p))),atl,cgs
20,2,2.34,2,msat,2.19,True,2,0.15,<0>F(p),test_suite/large_cgs/CGS/f:02-nm:005-sm:018.sp,10,<0>F(p),atl,cgs
20,2,0.72,3,msat,0.69,True,3,0.03,<>G((p -> <0>X((r & (<1>X(q) & <1>G((! q))))))),test_suite/large_cgs/CGS/f:07-nm:010-sm:003.sp,20,(! <1>F(p)),atl,cgs
20,2,73.46,2,msat,71.65,True,2,1.8,<1>X(p),test_suite/large_cgs/CGS/f:01-nm:025-sm:023.sp,50,<1>X(p),atl,cgs
20,2,229.04,2,msat,133.08,True,5,95.96,<>G((p -> <1>X(q))),test_suite/large_cgs/CGS/f:06-nm:015-sm:013.sp,30,<>G((p -> <1>X(q))),atl,cgs
20,2,215.28,2,msat,138.5,True,5,76.78,"<>G((p -> <0,1>F(q)))",test_suite/large_cgs/CGS/f:05-nm:025-sm:008.sp,50,"<>G((p -> <0,1>F(q)))",atl,cgs
20,2,8.37,2,msat,8.18,True,2,0.18,<1>X(p),test_suite/large_cgs/CGS/f:01-nm:025-sm:008.sp,50,<1>X(p),atl,cgs
20,2,294.07,2,msat,274.72,True,4,19.35,<>G((p -> <1>G(p))),test_suite/large_cgs/CGS/f:04-nm:030-sm:013.sp,60,<>G((p -> <1>G(p))),atl,cgs
20,2,8.21,2,msat,7.98,True,2,0.23,<0>F(p),test_suite/large_cgs/CGS/f:02-nm:015-sm:013.sp,30,<0>F(p),atl,cgs
20,2,267.24,2,msat,261.58,True,3,5.66,"<>G((p -> <0,1>F(q)))",test_suite/large_cgs/CGS/f:05-nm:025-sm:023.sp,50,"<>G(<0,1>F(q))",atl,cgs
20,2,7.05,2,msat,5.48,True,6,1.57,<>G(((p & (! q)) -> <1>G(p))),test_suite/large_cgs/CGS/f:03-nm:010-sm:003.sp,20,<1>G((<>X(p) | (p -> q))),atl,cgs
20,2,44.6,2,msat,33.15,True,5,11.46,<>G((p -> <1>X(q))),test_suite/large_cgs/CGS/f:06-nm:005-sm:018.sp,10,<>G((p -> <1>X(q))),atl,cgs
20,2,346.26,2,msat,121.98,True,5,224.28,<>G((p -> <1>X(q))),test_suite/large_cgs/CGS/f:06-nm:010-sm:018.sp,20,<>G((p -> <1>X(q))),atl,cgs
20,2,0.52,2,msat,0.47,True,4,0.05,<>G(((p & (! q)) -> <1>G(p))),test_suite/large_cgs/CGS/f:03-nm:005-sm:003.sp,10,(<0>F(p) -> <>G(p)),atl,cgs
20,2,11.07,2,msat,10.53,True,5,0.54,"<>G((p -> <0,1>F(q)))",test_suite/large_cgs/CGS/f:05-nm:020-sm:003.sp,40,"<>G((p -> <0,1>F(q)))",atl,cgs
20,2,0,2,msat,0,,,0,<>G(((p & (! q)) -> <1>G(p))),test_suite/large_cgs/CGS/f:03-nm:015-sm:023.sp,30,,atl,cgs
20,2,2562.45,2,msat,1697.06,True,5,865.39,"<>G((p -> <0,1>F(q)))",test_suite/large_cgs/CGS/f:05-nm:030-sm:023.sp,60,"<>G((p -> <0,1>F(q)))",atl,cgs
20,2,204.19,2,msat,188.39,True,4,15.8,<>G((p -> <1>G(p))),test_suite/large_cgs/CGS/f:04-nm:025-sm:013.sp,50,<>G((p -> <1>G(p))),atl,cgs
20,2,28.41,3,msat,27.29,True,4,1.12,<>G((p -> <0>X((r & (<1>X(q) & <1>G((! q))))))),test_suite/large_cgs/CGS/f:07-nm:015-sm:008.sp,30,<>X((! <0>F(p))),atl,cgs
20,2,11.76,2,msat,11.54,True,2,0.22,<1>X(p),test_suite/large_cgs/CGS/f:01-nm:030-sm:008.sp,60,<1>X(p),atl,cgs
20,2,34.77,2,msat,32.94,True,4,1.83,"<>G((p -> <0,1>F(q)))",test_suite/large_cgs/CGS/f:05-nm:010-sm:013.sp,20,<>G((! <>G(p))),atl,cgs
20,2,101.88,2,msat,78.36,True,5,23.52,<>G((p -> <1>X(q))),test_suite/large_cgs/CGS/f:06-nm:020-sm:008.sp,40,<>G((p -> <1>X(q))),atl,cgs
20,2,50.9,2,msat,49.65,True,2,1.25,<0>F(p),test_suite/large_cgs/CGS/f:02-nm:020-sm:023.sp,40,<0>F(p),atl,cgs
20,2,34.89,2,msat,29.12,True,4,5.77,<>G((p -> <1>G(p))),test_suite/large_cgs/CGS/f:04-nm:005-sm:023.sp,10,"<>X((p -> <0,1>G(p)))",atl,cgs
20,2,1338.02,3,msat,650.97,True,5,687.05,<>G((p -> <0>X((r & (<1>X(q) & <1>G((! q))))))),test_suite/large_cgs/CGS/f:07-nm:025-sm:018.sp,48,<>G((p -> <0>X(r))),atl,cgs
20,2,1.71,2,msat,1.68,True,2,0.04,<0>F(p),test_suite/large_cgs/CGS/f:02-nm:030-sm:003.sp,60,<0>F(p),atl,cgs
20,2,4.73,2,msat,4.54,True,4,0.19,<>G((p -> <1>G(p))),test_suite/large_cgs/CGS/f:04-nm:015-sm:003.sp,30,<>G((p -> <1>G(p))),atl,cgs
20,2,1.3,2,msat,1.27,True,2,0.03,<0>F(p),test_suite/large_cgs/CGS/f:02-nm:025-sm:003.sp,50,<0>F(p),atl,cgs
20,2,17.2,2,msat,16.68,True,2,0.52,<1>X(p),test_suite/large_cgs/CGS/f:01-nm:015-sm:018.sp,30,<1>X(p),atl,cgs
20,2,1395.06,3,msat,788.02,True,5,607.05,<>G((p -> <0>X((r & (<1>X(q) & <1>G((! q))))))),test_suite/large_cgs/CGS/f:07-nm:030-sm:018.sp,53,"<>G((<0,1>(p U <0>X(p)) -> <0>X(p)))",atl,cgs
20,2,132.93,2,msat,107.91,True,4,25.02,<>G((p -> <1>G(p))),test_suite/large_cgs/CGS/f:04-nm:010-sm:023.sp,20,"<>G((p -> <0,1>X(p)))",atl,cgs
20,2,4.39,2,msat,4.04,True,3,0.35,"<>G((p -> <0,1>F(q)))",test_suite/large_cgs/CGS/f:05-nm:005-sm:013.sp,10,"<>G(<0,1>F(q))",atl,cgs
20,2,897.69,2,msat,409.34,True,6,488.36,<>G(((p & (! q)) -> <1>G(p))),test_suite/large_cgs/CGS/f:03-nm:020-sm:013.sp,40,<>G(((p -> <1>G(p)) | q)),atl,cgs
20,2,1.27,2,msat,1.19,True,2,0.08,<1>X(p),test_suite/large_cgs/CGS/f:01-nm:005-sm:013.sp,10,<1>X(p),atl,cgs
20,2,1162.94,3,msat,407.49,True,6,755.45,<>G((p -> <0>X((r & (<1>X(q) & <1>G((! q))))))),test_suite/large_cgs/CGS/f:07-nm:020-sm:013.sp,40,<>G((<1>X(<0>F(p)) -> (! p))),atl,cgs
20,2,16.69,2,msat,14.16,True,4,2.53,<>G((p -> <1>G(p))),test_suite/large_cgs/CGS/f:04-nm:010-sm:008.sp,20,<>G((p -> <1>G(p))),atl,cgs
20,2,313.9,2,msat,259.64,True,5,54.26,"<>G((p -> <0,1>F(q)))",test_suite/large_cgs/CGS/f:05-nm:015-sm:018.sp,30,"<>G((p -> <0,1>F(q)))",atl,cgs
20,2,2635.36,2,msat,1708.36,True,6,927.0,<>G(((p & (! q)) -> <1>G(p))),test_suite/large_cgs/CGS/f:03-nm:030-sm:018.sp,60,<>G((<1>G(p) | (p -> q))),atl,cgs
20,2,24.87,2,msat,23.59,True,5,1.28,<>G((p -> <1>X(q))),test_suite/large_cgs/CGS/f:06-nm:025-sm:003.sp,50,<>G((p -> <1>X(q))),atl,cgs
20,2,31.29,2,msat,29.86,True,5,1.42,<>G((p -> <1>X(q))),test_suite/large_cgs/CGS/f:06-nm:030-sm:003.sp,60,<>G((p -> <1>X(q))),atl,cgs
20,2,2646.66,2,msat,1251.34,True,6,1395.32,<>G(((p & (! q)) -> <1>G(p))),test_suite/large_cgs/CGS/f:03-nm:025-sm:018.sp,50,<>G(<0>(q U (p -> <1>G(p)))),atl,cgs
20,2,1138.5,2,msat,804.14,True,5,334.36,<>G((p -> <1>X(q))),test_suite/large_cgs/CGS/f:06-nm:020-sm:023.sp,40,<>G((p -> <1>X(q))),atl,cgs
20,2,5.31,2,msat,5.2,True,2,0.12,<0>F(p),test_suite/large_cgs/CGS/f:02-nm:020-sm:008.sp,40,<0>F(p),atl,cgs
20,2,4.5,2,msat,4.01,True,4,0.49,<>G((p -> <1>G(p))),test_suite/large_cgs/CGS/f:04-nm:005-sm:008.sp,10,"<1>G((<0,1>X(p) -> p))",atl,cgs
20,2,4.14,2,msat,3.97,True,2,0.17,<1>X(p),test_suite/large_cgs/CGS/f:01-nm:010-sm:013.sp,20,<1>X(p),atl,cgs
20,2,39.5,2,msat,23.96,True,6,15.54,<>G(((p & (! q)) -> <1>G(p))),test_suite/large_cgs/CGS/f:03-nm:020-sm:003.sp,40,<>G(((p -> q) | <1>G(p))),atl,cgs
20,2,0.75,2,msat,0.7,True,4,0.06,"<>G((p -> <0,1>F(q)))",test_suite/large_cgs/CGS/f:05-nm:005-sm:003.sp,10,(<1>F(p) -> q),atl,cgs
20,2,0,2,msat,0,,,0,<>G(((p & (! q)) -> <1>G(p))),test_suite/large_cgs/CGS/f:03-nm:030-sm:023.sp,60,,atl,cgs
20,2,99.76,2,msat,95.97,True,3,3.79,"<>G((p -> <0,1>F(q)))",test_suite/large_cgs/CGS/f:05-nm:015-sm:023.sp,30,"<>G(<0,1>F(q))",atl,cgs
20,2,21.11,2,msat,20.66,True,2,0.45,<0>F(p),test_suite/large_cgs/CGS/f:02-nm:025-sm:013.sp,50,<0>F(p),atl,cgs
20,2,0,3,msat,0,,,0,<>G((p -> <0>X((r & (<1>X(q) & <1>G((! q))))))),test_suite/large_cgs/CGS/f:07-nm:030-sm:008.sp,60,,atl,cgs
20,2,3.41,2,msat,3.3,True,2,0.11,<1>X(p),test_suite/large_cgs/CGS/f:01-nm:015-sm:008.sp,30,<1>X(p),atl,cgs
20,2,415.91,3,msat,236.69,True,6,179.22,<>G((p -> <0>X((r & (<1>X(q) & <1>G((! q))))))),test_suite/large_cgs/CGS/f:07-nm:025-sm:008.sp,50,"<>X((! <0>X(<0,1>X(<0>F(p)))))",atl,cgs
20,2,73.06,2,msat,70.13,True,4,2.93,<>G((p -> <1>G(p))),test_suite/large_cgs/CGS/f:04-nm:015-sm:013.sp,30,<>G((p -> <1>X(p))),atl,cgs
20,2,30.3,2,msat,29.81,True,2,0.49,<0>F(p),test_suite/large_cgs/CGS/f:02-nm:030-sm:013.sp,60,<0>F(p),atl,cgs
20,2,0,2,msat,0,,,0,<>G(((p & (! q)) -> <1>G(p))),test_suite/large_cgs/CGS/f:03-nm:025-sm:023.sp,50,,atl,cgs
20,2,3.18,2,msat,3.01,True,5,0.17,"<>G((p -> <0,1>F(q)))",test_suite/large_cgs/CGS/f:05-nm:010-sm:003.sp,20,<>X((<1>X(p) -> q)),atl,cgs
20,2,869.81,2,msat,482.33,True,5,387.48,<>G((p -> <1>X(q))),test_suite/large_cgs/CGS/f:06-nm:020-sm:018.sp,40,<>G((p -> <1>X(q))),atl,cgs
20,2,18.72,2,msat,16.38,True,4,2.34,<>G((p -> <1>G(p))),test_suite/large_cgs/CGS/f:04-nm:005-sm:018.sp,10,"<>G((p -> <0,1>X(p)))",atl,cgs
20,2,29.13,2,msat,28.4,True,2,0.73,<0>F(p),test_suite/large_cgs/CGS/f:02-nm:020-sm:018.sp,40,<0>F(p),atl,cgs
20,2,0.31,2,msat,0.29,True,2,0.01,<1>X(p),test_suite/large_cgs/CGS/f:01-nm:010-sm:003.sp,20,<1>X(p),atl,cgs
20,2,77.85,3,msat,74.46,True,3,3.39,<>G((p -> <0>X((r & (<1>X(q) & <1>G((! q))))))),test_suite/large_cgs/CGS/f:07-nm:025-sm:023.sp,26,"(! <0,1>F(p))",atl,cgs
20,2,738.92,2,msat,526.42,True,5,212.5,<>G((p -> <1>X(q))),test_suite/large_cgs/CGS/f:06-nm:030-sm:013.sp,60,<>G((p -> <1>X(q))),atl,cgs
20,2,558.91,2,msat,229.57,True,6,329.34,<>G(((p & (! q)) -> <1>G(p))),test_suite/large_cgs/CGS/f:03-nm:025-sm:008.sp,50,<>G((<1>G(p) | (p -> q))),atl,cgs
20,2,693.14,2,msat,332.26,True,6,360.89,<>G(((p & (! q)) -> <1>G(p))),test_suite/large_cgs/CGS/f:03-nm:030-sm:008.sp,60,<>G((p -> (q | <1>G(p)))),atl,cgs
20,2,61.77,2,msat,51.93,True,5,9.84,"<>G((p -> <0,1>F(q)))",test_suite/large_cgs/CGS/f:05-nm:015-sm:008.sp,30,"<>G((p -> <0,1>F(q)))",atl,cgs
20,2,465.55,2,msat,361.66,True,5,103.89,<>G((p -> <1>X(q))),test_suite/large_cgs/CGS/f:06-nm:025-sm:013.sp,50,<>G((p -> <1>X(q))),atl,cgs
20,2,107.4,3,msat,103.13,True,3,4.27,<>G((p -> <0>X((r & (<1>X(q) & <1>G((! q))))))),test_suite/large_cgs/CGS/f:07-nm:030-sm:023.sp,31,<>G((! p)),atl,cgs
20,2,28.96,2,msat,27.94,True,2,1.03,<1>X(p),test_suite/large_cgs/CGS/f:01-nm:015-sm:023.sp,30,<1>X(p),atl,cgs
20,2,2.49,3,msat,2.43,True,3,0.06,<>G((p -> <0>X((r & (<1>X(q) & <1>G((! q))))))),test_suite/large_cgs/CGS/f:07-nm:020-sm:003.sp,40,(! <1>F(p)),atl,cgs
20,2,0.14,2,msat,0.13,True,2,0.01,<1>X(p),test_suite/large_cgs/CGS/f:01-nm:005-sm:003.sp,10,<1>X(p),atl,cgs
20,2,81.89,2,msat,63.68,True,4,18.21,<>G((p -> <1>G(p))),test_suite/large_cgs/CGS/f:04-nm:010-sm:018.sp,20,<>G((p -> <1>X(p))),atl,cgs
20,2,9.83,2,msat,9.16,True,5,0.67,<>G((p -> <1>X(q))),test_suite/large_cgs/CGS/f:06-nm:015-sm:003.sp,30,<>G((p -> <1>X(q))),atl,cgs
20,2,976.27,2,msat,735.51,True,5,240.76,"<>G((p -> <0,1>F(q)))",test_suite/large_cgs/CGS/f:05-nm:025-sm:018.sp,50,"<>G((p -> <0,1>F(q)))",atl,cgs
20,2,77.94,2,msat,57.42,True,5,20.52,<>G((p -> <1>X(q))),test_suite/large_cgs/CGS/f:06-nm:005-sm:023.sp,10,(<1>F(q) & (! <>G(<1>F(q)))),atl,cgs
20,2,0.37,2,msat,0.35,True,2,0.02,<0>F(p),test_suite/large_cgs/CGS/f:02-nm:005-sm:008.sp,10,<0>F(p),atl,cgs
20,2,52.24,2,msat,48.84,True,4,3.4,<>G((p -> <1>G(p))),test_suite/large_cgs/CGS/f:04-nm:020-sm:008.sp,40,<>G((p -> <1>X(p))),atl,cgs
20,2,89.2,3,msat,64.01,True,5,25.2,<>G((p -> <0>X((r & (<1>X(q) & <1>G((! q))))))),test_suite/large_cgs/CGS/f:07-nm:010-sm:013.sp,20,"(! <0,1>F(<1>G(<0,1>X(p))))",atl,cgs
20,2,14.33,2,msat,13.94,True,2,0.39,<1>X(p),test_suite/large_cgs/CGS/f:01-nm:020-sm:013.sp,40,<1>X(p),atl,cgs
20,2,12.28,3,msat,9.49,True,4,2.79,<>G((p -> <0>X((r & (<1>X(q) & <1>G((! q))))))),test_suite/large_cgs/CGS/f:07-nm:005-sm:013.sp,10,(! <0>(p U <1>X(p))),atl,cgs
20,2,1.31,2,msat,1.26,True,2,0.05,<0>F(p),test_suite/large_cgs/CGS/f:02-nm:010-sm:008.sp,20,<0>F(p),atl,cgs
20,2,435.42,2,msat,210.93,True,5,224.49,<>G((p -> <1>X(q))),test_suite/large_cgs/CGS/f:06-nm:010-sm:023.sp,20,<>G((p -> <1>X(q))),atl,cgs
20,2,1549.12,2,msat,1016.21,True,5,532.92,"<>G((p -> <0,1>F(q)))",test_suite/large_cgs/CGS/f:05-nm:030-sm:018.sp,60,"<>G((p -> <0,1>F(q)))",atl,cgs
20,2,2227.96,2,msat,455.96,True,6,1772.0,<>G(((p & (! q)) -> <1>G(p))),test_suite/large_cgs/CGS/f:03-nm:015-sm:018.sp,30,<>G((<1>X(p) | (p -> q))),atl,cgs
20,2,13.9,2,msat,13.5,True,4,0.4,<>G((p -> <1>G(p))),test_suite/large_cgs/CGS/f:04-nm:025-sm:003.sp,50,<>G((p -> <1>X(p))),atl,cgs
20,2,62.57,2,msat,61.39,True,2,1.17,<1>X(p),test_suite/large_cgs/CGS/f:01-nm:030-sm:018.sp,60,<1>X(p),atl,cgs
20,2,299.91,3,msat,244.9,True,5,55.01,<>G((p -> <0>X((r & (<1>X(q) & <1>G((! q))))))),test_suite/large_cgs/CGS/f:07-nm:015-sm:018.sp,30,<>G((<1>(p U <0>X(p)) -> <0>X(p))),atl,cgs
20,2,14.21,2,msat,13.6,True,2,0.61,<0>F(p),test_suite/large_cgs/CGS/f:02-nm:010-sm:023.sp,20,<0>F(p),atl,cgs
20,2,32.55,2,msat,21.35,True,5,11.2,<>G((p -> <1>X(q))),test_suite/large_cgs/CGS/f:06-nm:010-sm:008.sp,20,<>G((p -> <1>X(q))),atl,cgs
20,2,371.85,2,msat,251.56,True,5,120.29,"<>G((p -> <0,1>F(q)))",test_suite/large_cgs/CGS/f:05-nm:020-sm:013.sp,40,"<>G(<0,1>(p U (p -> q)))",atl,cgs
20,2,151.12,2,msat,32.1,True,6,119.02,<>G(((p & (! q)) -> <1>G(p))),test_suite/large_cgs/CGS/f:03-nm:005-sm:013.sp,10,<>X((<1>X(<1>G(<0>F(q))) -> q)),atl,cgs
20,2,1123.17,2,msat,109.76,True,6,1013.41,<>G(((p & (! q)) -> <1>G(p))),test_suite/large_cgs/CGS/f:03-nm:010-sm:013.sp,20,<>G((<1>X(p) | (p -> q))),atl,cgs
20,2,3.55,2,msat,3.15,True,4,0.39,<>G((p -> <1>X(q))),test_suite/large_cgs/CGS/f:06-nm:005-sm:008.sp,10,"<1>X(<0,1>X(<>X(q)))",atl,cgs
20,2,4.53,2,msat,4.24,True,2,0.29,<0>F(p),test_suite/large_cgs/CGS/f:02-nm:005-sm:023.sp,10,<0>F(p),atl,cgs
20,2,445.56,2,msat,407.22,True,4,38.34,<>G((p -> <1>G(p))),test_suite/large_cgs/CGS/f:04-nm:020-sm:023.sp,40,<>G((p -> <1>X(p))),atl,cgs
20,2,43.51,2,msat,42.58,True,2,0.93,<1>X(p),test_suite/large_cgs/CGS/f:01-nm:025-sm:018.sp,50,<1>X(p),atl,cgs
20,2,0.52,2,msat,0.5,True,2,0.02,<0>F(p),test_suite/large_cgs/CGS/f:02-nm:015-sm:003.sp,30,<0>F(p),atl,cgs
20,2,17.49,2,msat,17.13,True,4,0.36,<>G((p -> <1>G(p))),test_suite/large_cgs/CGS/f:04-nm:030-sm:003.sp,60,<>G((p -> <1>X(p))),atl,cgs
20,2,47.2,2,msat,39.11,True,6,8.09,<>G(((p & (! q)) -> <1>G(p))),test_suite/large_cgs/CGS/f:03-nm:025-sm:003.sp,50,<>G(((p -> <1>G(p)) | q)),atl,cgs
20,2,1372.18,2,msat,1041.33,True,5,330.85,<>G((p -> <1>X(q))),test_suite/large_cgs/CGS/f:06-nm:030-sm:018.sp,60,<>G((p -> <1>X(q))),atl,cgs
20,2,1.63,2,msat,1.56,True,2,0.07,<1>X(p),test_suite/large_cgs/CGS/f:01-nm:010-sm:008.sp,20,<1>X(p),atl,cgs
20,2,13.72,2,msat,13.35,True,2,0.37,<0>F(p),test_suite/large_cgs/CGS/f:02-nm:020-sm:013.sp,40,<0>F(p),atl,cgs
20,2,10.61,2,msat,8.35,True,4,2.25,<>G((p -> <1>G(p))),test_suite/large_cgs/CGS/f:04-nm:005-sm:013.sp,10,<>G((p -> <1>X(p))),atl,cgs
20,2,46.08,2,msat,43.78,True,3,2.3,"<>G((p -> <0,1>F(q)))",test_suite/large_cgs/CGS/f:05-nm:010-sm:023.sp,20,"<>G(<0,1>F(q))",atl,cgs
20,2,13.56,2,msat,12.6,True,3,0.96,"<>G((p -> <0,1>F(q)))",test_suite/large_cgs/CGS/f:05-nm:005-sm:023.sp,10,"<>G(<0,1>F(q))",atl,cgs
20,2,0,2,msat,0,,,0,<>G(((p & (! q)) -> <1>G(p))),test_suite/large_cgs/CGS/f:03-nm:020-sm:023.sp,40,,atl,cgs
20,2,36.56,2,msat,31.24,True,4,5.33,<>G((p -> <1>G(p))),test_suite/large_cgs/CGS/f:04-nm:010-sm:013.sp,20,<>G((p -> <1>X(p))),atl,cgs
20,2,0.56,2,msat,0.52,True,2,0.03,<1>X(p),test_suite/large_cgs/CGS/f:01-nm:005-sm:008.sp,10,<1>X(p),atl,cgs
20,2,47.96,3,msat,45.08,True,4,2.88,<>G((p -> <0>X((r & (<1>X(q) & <1>G((! q))))))),test_suite/large_cgs/CGS/f:07-nm:020-sm:008.sp,40,"(! <0,1>X(<0>F(p)))",atl,cgs
20,2,1053.49,2,msat,751.2,True,5,302.29,<>G((p -> <1>X(q))),test_suite/large_cgs/CGS/f:06-nm:025-sm:018.sp,50,<>G((p -> <1>X(q))),atl,cgs
20,2,6.49,2,msat,6.1,True,5,0.39,"<>G((p -> <0,1>F(q)))",test_suite/large_cgs/CGS/f:05-nm:015-sm:003.sp,30,"<>G((p -> <0,1>F(q)))",atl,cgs
20,2,72.55,2,msat,58.47,True,6,14.08,<>G(((p & (! q)) -> <1>G(p))),test_suite/large_cgs/CGS/f:03-nm:030-sm:003.sp,60,<>G(((p -> <1>G(p)) | q)),atl,cgs
20,2,0.57,2,msat,0.55,True,2,0.02,<1>X(p),test_suite/large_cgs/CGS/f:01-nm:015-sm:003.sp,30,<1>X(p),atl,cgs
20,2,5.78,3,msat,5.67,True,3,0.11,<>G((p -> <0>X((r & (<1>X(q) & <1>G((! q))))))),test_suite/large_cgs/CGS/f:07-nm:030-sm:003.sp,60,"(! <0,1>F(p))",atl,cgs
20,2,43.54,2,msat,42.61,True,2,0.93,<0>F(p),test_suite/large_cgs/CGS/f:02-nm:025-sm:018.sp,50,<0>F(p),atl,cgs
20,2,4.46,2,msat,3.83,True,4,0.62,"<>G((p -> <0,1>F(q)))",test_suite/large_cgs/CGS/f:05-nm:005-sm:008.sp,10,(<1>F(p) -> <1>X(p)),atl,cgs
20,2,416.2,2,msat,153.54,True,6,262.66,<>G(((p & (! q)) -> <1>G(p))),test_suite/large_cgs/CGS/f:03-nm:020-sm:008.sp,40,<>G((p -> (<1>G(p) | q))),atl,cgs
20,2,4.26,2,msat,3.98,True,2,0.28,<1>X(p),test_suite/large_cgs/CGS/f:01-nm:005-sm:023.sp,10,<1>X(p),atl,cgs
20,2,54.34,3,msat,51.28,True,3,3.06,<>G((p -> <0>X((r & (<1>X(q) & <1>G((! q))))))),test_suite/large_cgs/CGS/f:07-nm:020-sm:023.sp,21,<>G((! p)),atl,cgs
20,2,13.87,2,msat,13.28,True,2,0.59,<1>X(p),test_suite/large_cgs/CGS/f:01-nm:010-sm:023.sp,20,<1>X(p),atl,cgs
20,2,330.25,2,msat,237.56,True,5,92.69,<>G((p -> <1>X(q))),test_suite/large_cgs/CGS/f:06-nm:020-sm:013.sp,40,<>G((p -> <1>X(q))),atl,cgs
20,2,39.74,2,msat,22.91,True,5,16.83,"<>G((p -> <0,1>F(q)))",test_suite/large_cgs/CGS/f:05-nm:010-sm:008.sp,20,"<>G((p -> <0,1>F(q)))",atl,cgs
20,2,61.68,2,msat,60.54,True,2,1.14,<0>F(p),test_suite/large_cgs/CGS/f:02-nm:030-sm:018.sp,60,<0>F(p),atl,cgs
20,2,158.85,2,msat,135.91,True,4,22.94,<>G((p -> <1>G(p))),test_suite/large_cgs/CGS/f:04-nm:015-sm:018.sp,30,<>G((p -> <1>G(p))),atl,cgs
20,2,4.52,3,msat,4.42,True,3,0.1,<>G((p -> <0>X((r & (<1>X(q) & <1>G((! q))))))),test_suite/large_cgs/CGS/f:07-nm:025-sm:003.sp,50,"(! <0,1>F(p))",atl,cgs
20,2,18.27,2,msat,16.56,True,4,1.71,<>G(((p & (! q)) -> <1>G(p))),test_suite/large_cgs/CGS/f:03-nm:005-sm:018.sp,10,"<>G(<0,1>X(<0>F(p)))",atl,cgs
20,2,802.11,2,msat,461.3,True,5,340.81,"<>G((p -> <0,1>F(q)))",test_suite/large_cgs/CGS/f:05-nm:020-sm:018.sp,40,"<>G((p -> <0,1>F(q)))",atl,cgs
20,2,4.06,2,msat,3.82,True,5,0.25,<>G((p -> <1>X(q))),test_suite/large_cgs/CGS/f:06-nm:010-sm:003.sp,20,<>G((p -> <1>X(q))),atl,cgs
20,2,800.95,3,msat,237.58,True,6,563.38,<>G((p -> <0>X((r & (<1>X(q) & <1>G((! q))))))),test_suite/large_cgs/CGS/f:07-nm:015-sm:013.sp,30,<>G((! (<1>X(<0>F(p)) & p))),atl,cgs
20,2,30.99,2,msat,30.46,True,2,0.53,<1>X(p),test_suite/large_cgs/CGS/f:01-nm:030-sm:013.sp,60,<1>X(p),atl,cgs
20,2,77.86,2,msat,73.98,True,4,3.88,<>G((p -> <1>G(p))),test_suite/large_cgs/CGS/f:04-nm:025-sm:008.sp,50,<>G((p -> <1>X(p))),atl,cgs
20,2,709.14,2,msat,469.34,True,5,239.8,<>G((p -> <1>X(q))),test_suite/large_cgs/CGS/f:06-nm:015-sm:023.sp,30,<>G((p -> <1>X(q))),atl,cgs
20,2,111.1,2,msat,105.12,True,4,5.98,<>G((p -> <1>G(p))),test_suite/large_cgs/CGS/f:04-nm:030-sm:008.sp,60,<>G((p -> <1>G(p))),atl,cgs
20,2,2.95,2,msat,2.86,True,2,0.09,<0>F(p),test_suite/large_cgs/CGS/f:02-nm:015-sm:008.sp,30,<0>F(p),atl,cgs
20,2,22.23,2,msat,21.74,True,2,0.49,<1>X(p),test_suite/large_cgs/CGS/f:01-nm:025-sm:013.sp,50,<1>X(p),atl,cgs
20,2,1.26,2,msat,1.1,True,5,0.16,<>G((p -> <1>X(q))),test_suite/large_cgs/CGS/f:06-nm:005-sm:003.sp,10,"(<>(p U <0,1>X(p)) -> q)",atl,cgs
20,2,1556.32,2,msat,203.88,True,6,1352.44,<>G(((p & (! q)) -> <1>G(p))),test_suite/large_cgs/CGS/f:03-nm:010-sm:018.sp,20,<>G((p -> (<1>G(p) | q))),atl,cgs
20,2,144.61,3,msat,120.88,True,5,23.73,<>G((p -> <0>X((r & (<1>X(q) & <1>G((! q))))))),test_suite/large_cgs/CGS/f:07-nm:010-sm:018.sp,20,"(<0,1>X(p) -> <>X(<0>X(p)))",atl,cgs
20,2,8.47,2,msat,8.15,True,4,0.33,<>G((p -> <1>G(p))),test_suite/large_cgs/CGS/f:04-nm:020-sm:003.sp,40,<>G((p -> <1>X(p))),atl,cgs
20,2,0.14,2,msat,0.14,True,2,0.01,<0>F(p),test_suite/large_cgs/CGS/f:02-nm:005-sm:003.sp,10,<0>F(p),atl,cgs
20,2,496.32,2,msat,380.88,True,5,115.45,"<>G((p -> <0,1>F(q)))",test_suite/large_cgs/CGS/f:05-nm:025-sm:013.sp,50,"<>G((p -> <0,1>F(q)))",atl,cgs
20,2,70.67,2,msat,44.38,True,5,26.29,<>G((p -> <1>X(q))),test_suite/large_cgs/CGS/f:06-nm:015-sm:008.sp,30,<>G((p -> <1>X(q))),atl,cgs
20,2,949.71,2,msat,888.24,True,4,61.47,<>G((p -> <1>G(p))),test_suite/large_cgs/CGS/f:04-nm:030-sm:023.sp,60,<>G((p -> <1>X(p))),atl,cgs
20,2,29.7,2,msat,28.72,True,2,0.98,<0>F(p),test_suite/large_cgs/CGS/f:02-nm:015-sm:023.sp,30,<0>F(p),atl,cgs
20,2,679.77,2,msat,617.6,True,4,62.17,<>G((p -> <1>G(p))),test_suite/large_cgs/CGS/f:04-nm:025-sm:023.sp,50,<>G((p -> <1>X(p))),atl,cgs
20,2,903.92,2,msat,245.49,True,6,658.43,<>G(((p & (! q)) -> <1>G(p))),test_suite/large_cgs/CGS/f:03-nm:015-sm:013.sp,30,<>G((p -> (<1>X(p) | q))),atl,cgs
20,2,787.35,2,msat,542.51,True,5,244.84,"<>G((p -> <0,1>F(q)))",test_suite/large_cgs/CGS/f:05-nm:030-sm:013.sp,60,"<>G(<0,1>(p U (p -> q)))",atl,cgs
20,2,0.3,2,msat,0.29,True,2,0.01,<0>F(p),test_suite/large_cgs/CGS/f:02-nm:010-sm:003.sp,20,<0>F(p),atl,cgs
20,2,8.16,3,msat,7.53,True,3,0.63,<>G((p -> <0>X((r & (<1>X(q) & <1>G((! q))))))),test_suite/large_cgs/CGS/f:07-nm:005-sm:018.sp,10,<>X((! p)),atl,cgs
20,2,28.22,2,msat,27.46,True,2,0.77,<1>X(p),test_suite/large_cgs/CGS/f:01-nm:020-sm:018.sp,40,<1>X(p),atl,cgs
