Sample,Original Formula,Propositions,Solving Time,Encoding Time,Total Time,Learned Formula Size,Sample size,Solver,Learned Formula,Verification,Size Bound,Formula Type,Players,Positive,Negative,Size Lower,Size Upper,Verification,Total_Time_TB,Encoding_Time_TB,Learned Formula Size_TB,Solving Time_TB,Learned Formula_TB
test_suite/large_cgs/CGS/f:01-nm:005-sm:003.sp,<1>X(p),2,0.01,0.14,0.15,2,10,msat,<1>X(p),TRUE,20,atl,2,5,5,1,5,TRUE,0.14,0.13,2,0.01,<1>X(p)
test_suite/large_cgs/CGS/f:01-nm:010-sm:003.sp,<1>X(p),2,0.01,0.53,0.54,2,20,msat,<1>X(p),TRUE,20,atl,2,10,10,1,5,TRUE,0.31,0.29,2,0.01,<1>X(p)
test_suite/large_cgs/CGS/f:01-nm:015-sm:003.sp,<1>X(p),2,0.02,1.07,1.09,2,30,msat,<1>X(p),TRUE,20,atl,2,15,15,1,5,TRUE,0.57,0.55,2,0.02,<1>X(p)
test_suite/large_cgs/CGS/f:01-nm:020-sm:003.sp,<1>X(p),2,0.02,1.54,1.57,2,40,msat,<1>X(p),TRUE,20,atl,2,20,20,1,5,TRUE,1.01,0.98,2,0.03,<1>X(p)
test_suite/large_cgs/CGS/f:01-nm:025-sm:003.sp,<1>X(p),2,0.03,2.16,2.19,2,50,msat,<1>X(p),TRUE,20,atl,2,25,25,1,5,TRUE,1.27,1.24,2,0.03,<1>X(p)
test_suite/large_cgs/CGS/f:01-nm:030-sm:003.sp,<1>X(p),2,0.03,2.83,2.86,2,60,msat,<1>X(p),TRUE,20,atl,2,30,30,1,5,TRUE,1.58,1.54,2,0.03,<1>X(p)
test_suite/large_cgs/CGS/f:02-nm:005-sm:003.sp,<0>F(p),2,0.01,0.17,0.18,2,10,msat,<0>F(p),TRUE,20,atl,2,5,5,1,5,TRUE,0.14,0.14,2,0.01,<0>F(p)
test_suite/large_cgs/CGS/f:02-nm:010-sm:003.sp,<0>F(p),2,0.01,0.59,0.6,2,20,msat,<0>F(p),TRUE,20,atl,2,10,10,1,5,TRUE,0.3,0.29,2,0.01,<0>F(p)
test_suite/large_cgs/CGS/f:02-nm:015-sm:003.sp,<0>F(p),2,0.02,0.82,0.84,2,30,msat,<0>F(p),TRUE,20,atl,2,15,15,1,5,TRUE,0.52,0.5,2,0.02,<0>F(p)
test_suite/large_cgs/CGS/f:02-nm:020-sm:003.sp,<0>F(p),2,0.02,1.41,1.43,2,40,msat,<0>F(p),TRUE,20,atl,2,20,20,1,5,TRUE,0.85,0.83,2,0.02,<0>F(p)
test_suite/large_cgs/CGS/f:02-nm:025-sm:003.sp,<0>F(p),2,0.03,2.2,2.22,2,50,msat,<0>F(p),TRUE,20,atl,2,25,25,1,5,TRUE,1.3,1.27,2,0.03,<0>F(p)
test_suite/large_cgs/CGS/f:02-nm:030-sm:003.sp,<0>F(p),2,0.03,3.01,3.04,2,60,msat,<0>F(p),TRUE,20,atl,2,30,30,1,5,TRUE,1.71,1.68,2,0.04,<0>F(p)
test_suite/large_cgs/CGS/f:03-nm:005-sm:003.sp,<>G(((p & (! q)) -> <1>G(p))),2,0.04,0.73,0.77,4,10,msat,(<0>F(p) -> <0>G(p)),TRUE,20,atl,2,5,5,1,5,TRUE,0.52,0.47,4,0.05,(<0>F(p) -> <>G(p))
test_suite/large_cgs/CGS/f:03-nm:010-sm:003.sp,<>G(((p & (! q)) -> <1>G(p))),2,1.48,8.51,9.99,6,20,msat,<>G(<0>(q U (p -> <1>G(p)))),TRUE,20,atl,2,10,10,1,5,TRUE,7.05,5.48,6,1.57,<1>G((<>X(p) | (p -> q)))
test_suite/large_cgs/CGS/f:03-nm:015-sm:003.sp,<>G(((p & (! q)) -> <1>G(p))),2,3.67,22.48,26.15,6,30,msat,<1>G((p -> (<1>G(p) | q))),TRUE,20,atl,2,15,15,1,5,TRUE,21.48,13.02,6,8.46,<>G((q | (p -> <1>G(p))))
test_suite/large_cgs/CGS/f:03-nm:020-sm:003.sp,<>G(((p & (! q)) -> <1>G(p))),2,7.21,40.15,47.35,6,40,msat,<>G(((p -> q) | <1>G(p))),TRUE,20,atl,2,20,20,1,5,TRUE,39.5,23.96,6,15.54,<>G(((p -> q) | <1>G(p)))
test_suite/large_cgs/CGS/f:03-nm:025-sm:003.sp,<>G(((p & (! q)) -> <1>G(p))),2,6.77,68.47,75.24,6,50,msat,<>G((<1>G(p) | (p -> q))),TRUE,20,atl,2,25,25,1,5,TRUE,47.2,39.11,6,8.09,<>G(((p -> <1>G(p)) | q))
test_suite/large_cgs/CGS/f:03-nm:030-sm:003.sp,<>G(((p & (! q)) -> <1>G(p))),2,4.56,99.84,104.4,6,60,msat,<>G(((p -> q) | <1>G(p))),TRUE,20,atl,2,30,30,1,5,TRUE,72.55,58.47,6,14.08,<>G(((p -> <1>G(p)) | q))
test_suite/large_cgs/CGS/f:04-nm:005-sm:003.sp,<>G((p -> <1>G(p))),2,0.05,1.2,1.25,4,10,msat,<>G((p -> <1>G(p))),TRUE,20,atl,2,5,5,1,5,TRUE,0.73,0.67,4,0.06,"(<0,1>F(q) -> <>X(q))"
test_suite/large_cgs/CGS/f:04-nm:010-sm:003.sp,<>G((p -> <1>G(p))),2,0.12,3.96,4.07,4,20,msat,<>G((p -> <>G(p))),TRUE,20,atl,2,10,10,1,5,TRUE,2.28,2.16,4,0.12,<>G((p -> <>G(p)))
test_suite/large_cgs/CGS/f:04-nm:015-sm:003.sp,<>G((p -> <1>G(p))),2,0.18,8.4,8.57,4,30,msat,<>G((p -> <1>X(p))),TRUE,20,atl,2,15,15,1,5,TRUE,4.73,4.54,4,0.19,<>G((p -> <1>G(p)))
test_suite/large_cgs/CGS/f:04-nm:020-sm:003.sp,<>G((p -> <1>G(p))),2,0.25,14.81,15.06,4,40,msat,<>G((p -> <1>X(p))),TRUE,20,atl,2,20,20,1,5,TRUE,8.47,8.15,4,0.33,<>G((p -> <1>X(p)))
test_suite/large_cgs/CGS/f:04-nm:025-sm:003.sp,<>G((p -> <1>G(p))),2,0.3,23.59,23.89,4,50,msat,<>G((p -> <1>G(p))),TRUE,20,atl,2,25,25,1,5,TRUE,13.9,13.5,4,0.4,<>G((p -> <1>X(p)))
test_suite/large_cgs/CGS/f:04-nm:030-sm:003.sp,<>G((p -> <1>G(p))),2,0.3,31.74,32.04,4,60,msat,<>G((p -> <1>X(p))),TRUE,20,atl,2,30,30,1,5,TRUE,17.49,17.13,4,0.36,<>G((p -> <1>X(p)))
test_suite/large_cgs/CGS/f:05-nm:005-sm:003.sp,"<>G((p -> <0,1>F(q)))",2,0.06,1.15,1.21,4,10,msat,(<1>F(p) -> q),TRUE,20,atl,2,5,5,1,5,TRUE,0.75,0.7,4,0.06,(<1>F(p) -> q)
test_suite/large_cgs/CGS/f:05-nm:010-sm:003.sp,"<>G((p -> <0,1>F(q)))",2,0.25,5.22,5.47,5,20,msat,<>X((<1>X(p) -> q)),TRUE,20,atl,2,10,10,1,5,TRUE,3.18,3.01,5,0.17,<>X((<1>X(p) -> q))
test_suite/large_cgs/CGS/f:05-nm:015-sm:003.sp,"<>G((p -> <0,1>F(q)))",2,0.38,10.56,10.94,5,30,msat,"<>G((p -> <0,1>X(q)))",TRUE,20,atl,2,15,15,1,5,TRUE,6.49,6.1,5,0.39,"<>G((p -> <0,1>F(q)))"
test_suite/large_cgs/CGS/f:05-nm:020-sm:003.sp,"<>G((p -> <0,1>F(q)))",2,0.58,17.83,18.4,5,40,msat,"<>G((p -> <0,1>F(q)))",TRUE,20,atl,2,20,20,1,5,TRUE,11.07,10.53,5,0.54,"<>G((p -> <0,1>F(q)))"
test_suite/large_cgs/CGS/f:05-nm:025-sm:003.sp,"<>G((p -> <0,1>F(q)))",2,1.01,29.03,30.04,5,50,msat,"<>G((p -> <0,1>F(q)))",TRUE,20,atl,2,25,25,1,5,TRUE,18.1,17.51,5,0.59,"<>G((p -> <0,1>F(q)))"
test_suite/large_cgs/CGS/f:05-nm:030-sm:003.sp,"<>G((p -> <0,1>F(q)))",2,1.1,39.53,40.63,5,60,msat,"<>G((p -> <0,1>F(q)))",TRUE,20,atl,2,30,30,1,5,TRUE,23.45,22.76,5,0.69,"<>G((p -> <0,1>F(q)))"
test_suite/large_cgs/CGS/f:06-nm:005-sm:003.sp,<>G((p -> <1>X(q))),2,0.19,1.75,1.94,5,10,msat,<0>G((p -> <>X(q))),TRUE,20,atl,2,5,5,1,5,TRUE,1.26,1.1,5,0.16,"(<>(p U <0,1>X(p)) -> q)"
test_suite/large_cgs/CGS/f:06-nm:010-sm:003.sp,<>G((p -> <1>X(q))),2,0.28,7.2,7.48,5,20,msat,<>G((p -> <1>X(q))),TRUE,20,atl,2,10,10,1,5,TRUE,4.06,3.82,5,0.25,<>G((p -> <1>X(q)))
test_suite/large_cgs/CGS/f:06-nm:015-sm:003.sp,<>G((p -> <1>X(q))),2,0.44,16.49,16.93,5,30,msat,<>G((p -> <1>X(q))),TRUE,20,atl,2,15,15,1,5,TRUE,9.83,9.16,5,0.67,<>G((p -> <1>X(q)))
test_suite/large_cgs/CGS/f:06-nm:020-sm:003.sp,<>G((p -> <1>X(q))),2,0.91,27.49,28.4,5,40,msat,<>G((p -> <1>X(q))),TRUE,20,atl,2,20,20,1,5,TRUE,16.19,15.69,5,0.51,<>G((p -> <1>X(q)))
test_suite/large_cgs/CGS/f:06-nm:025-sm:003.sp,<>G((p -> <1>X(q))),2,0.58,40.57,41.15,5,50,msat,<>G((p -> <1>X(q))),TRUE,20,atl,2,25,25,1,5,TRUE,24.87,23.59,5,1.28,<>G((p -> <1>X(q)))
test_suite/large_cgs/CGS/f:06-nm:030-sm:003.sp,<>G((p -> <1>X(q))),2,1.28,54.81,56.09,5,60,msat,<>G((p -> <1>X(q))),TRUE,20,atl,2,30,30,1,5,TRUE,31.29,29.86,5,1.42,<>G((p -> <1>X(q)))
test_suite/large_cgs/CGS/f:01-nm:005-sm:008.sp,<1>X(p),2,0.03,1.06,1.1,2,10,msat,<1>X(p),TRUE,20,atl,2,5,5,6,10,TRUE,0.56,0.52,2,0.03,<1>X(p)
test_suite/large_cgs/CGS/f:01-nm:010-sm:008.sp,<1>X(p),2,0.07,3.72,3.79,2,20,msat,<1>X(p),TRUE,20,atl,2,10,10,6,10,TRUE,1.63,1.56,2,0.07,<1>X(p)
test_suite/large_cgs/CGS/f:01-nm:015-sm:008.sp,<1>X(p),2,0.1,8.85,8.95,2,30,msat,<1>X(p),TRUE,20,atl,2,15,15,6,10,TRUE,3.41,3.3,2,0.11,<1>X(p)
test_suite/large_cgs/CGS/f:01-nm:020-sm:008.sp,<1>X(p),2,0.14,14.59,14.73,2,40,msat,<1>X(p),TRUE,20,atl,2,20,20,6,10,TRUE,5.59,5.43,2,0.15,<1>X(p)
test_suite/large_cgs/CGS/f:01-nm:025-sm:008.sp,<1>X(p),2,0.18,20.82,21,2,50,msat,<1>X(p),TRUE,20,atl,2,25,25,6,10,TRUE,8.37,8.18,2,0.18,<1>X(p)
test_suite/large_cgs/CGS/f:01-nm:030-sm:008.sp,<1>X(p),2,0.2,29.49,29.7,2,60,msat,<1>X(p),TRUE,20,atl,2,30,30,6,10,TRUE,11.76,11.54,2,0.22,<1>X(p)
test_suite/large_cgs/CGS/f:02-nm:005-sm:008.sp,<0>F(p),2,0.02,0.82,0.84,2,10,msat,<0>F(p),TRUE,20,atl,2,5,5,6,10,TRUE,0.37,0.35,2,0.02,<0>F(p)
test_suite/large_cgs/CGS/f:02-nm:010-sm:008.sp,<0>F(p),2,0.05,3.07,3.12,2,20,msat,<0>F(p),TRUE,20,atl,2,10,10,6,10,TRUE,1.31,1.26,2,0.05,<0>F(p)
test_suite/large_cgs/CGS/f:02-nm:015-sm:008.sp,<0>F(p),2,0.09,7.31,7.39,2,30,msat,<0>F(p),TRUE,20,atl,2,15,15,6,10,TRUE,2.95,2.86,2,0.09,<0>F(p)
test_suite/large_cgs/CGS/f:02-nm:020-sm:008.sp,<0>F(p),2,0.14,13.98,14.11,2,40,msat,<0>F(p),TRUE,20,atl,2,20,20,6,10,TRUE,5.31,5.2,2,0.12,<0>F(p)
test_suite/large_cgs/CGS/f:02-nm:025-sm:008.sp,<0>F(p),2,0.18,21.43,21.61,2,50,msat,<0>F(p),TRUE,20,atl,2,25,25,6,10,TRUE,7.97,7.8,2,0.16,<0>F(p)
test_suite/large_cgs/CGS/f:02-nm:030-sm:008.sp,<0>F(p),2,0.21,31.2,31.41,2,60,msat,<0>F(p),TRUE,20,atl,2,30,30,6,10,TRUE,12.09,11.88,2,0.2,<0>F(p)
test_suite/large_cgs/CGS/f:03-nm:005-sm:008.sp,<>G(((p & (! q)) -> <1>G(p))),2,5.33,14.88,20.21,5,10,msat,<0>G(<1>X((p -> <1>G(p)))),TRUE,20,atl,2,5,5,6,10,TRUE,8.9,6.37,5,2.53,<>G((<1>X(p) -> <1>X(<1>X(p))))
test_suite/large_cgs/CGS/f:03-nm:010-sm:008.sp,<>G(((p & (! q)) -> <1>G(p))),2,228.61,98.75,327.35,6,20,msat,<>G(((p -> <1>G(p)) | q)),TRUE,20,atl,2,10,10,6,10,TRUE,95.69,41.06,6,54.63,<>G((p -> (q | <1>G(p))))
test_suite/large_cgs/CGS/f:03-nm:015-sm:008.sp,<>G(((p & (! q)) -> <1>G(p))),2,213.68,227.55,441.23,6,30,msat,<>G((p -> (q | <1>G(p)))),TRUE,20,atl,2,15,15,6,10,TRUE,197.6,91.7,6,105.9,<>G((q | (p -> <1>G(p))))
test_suite/large_cgs/CGS/f:03-nm:020-sm:008.sp,<>G(((p & (! q)) -> <1>G(p))),2,139.86,368.71,508.57,6,40,msat,<>G(((p -> q) | <1>G(p))),TRUE,20,atl,2,20,20,6,10,TRUE,416.2,153.54,6,262.66,<>G((p -> (<1>G(p) | q)))
test_suite/large_cgs/CGS/f:03-nm:025-sm:008.sp,<>G(((p & (! q)) -> <1>G(p))),2,116.22,556.68,672.89,6,50,msat,<>G((<1>G(p) | (p -> q))),TRUE,20,atl,2,25,25,6,10,TRUE,558.91,229.57,6,329.34,<>G((<1>G(p) | (p -> q)))
test_suite/large_cgs/CGS/f:03-nm:030-sm:008.sp,<>G(((p & (! q)) -> <1>G(p))),2,93.5,800.34,893.84,6,60,msat,<>G((<1>G(p) | (p -> q))),TRUE,20,atl,2,30,30,6,10,TRUE,693.14,332.26,6,360.89,<>G((p -> (q | <1>G(p))))
test_suite/large_cgs/CGS/f:04-nm:005-sm:008.sp,<>G((p -> <1>G(p))),2,0.33,8.66,8.99,4,10,msat,<>G((p -> <1>G(p))),TRUE,20,atl,2,5,5,6,10,TRUE,4.5,4.01,4,0.49,"<1>G((<0,1>X(p) -> p))"
test_suite/large_cgs/CGS/f:04-nm:010-sm:008.sp,<>G((p -> <1>G(p))),2,1.5,37.25,38.75,4,20,msat,<>G((p -> <1>G(p))),TRUE,20,atl,2,10,10,6,10,TRUE,16.69,14.16,4,2.53,<>G((p -> <1>G(p)))
test_suite/large_cgs/CGS/f:04-nm:015-sm:008.sp,<>G((p -> <1>G(p))),2,2.83,78.79,81.62,4,30,msat,<>G((p -> <1>G(p))),TRUE,20,atl,2,15,15,6,10,TRUE,32.41,29.18,4,3.23,<>G((p -> <1>X(p)))
test_suite/large_cgs/CGS/f:04-nm:020-sm:008.sp,<>G((p -> <1>G(p))),2,2.97,139.18,142.15,4,40,msat,<>G((p -> <1>G(p))),TRUE,20,atl,2,20,20,6,10,TRUE,52.24,48.84,4,3.4,<>G((p -> <1>X(p)))
test_suite/large_cgs/CGS/f:04-nm:025-sm:008.sp,<>G((p -> <1>G(p))),2,1.53,202.42,203.96,4,50,msat,<>G((p -> <1>G(p))),TRUE,20,atl,2,25,25,6,10,TRUE,77.86,73.98,4,3.88,<>G((p -> <1>X(p)))
test_suite/large_cgs/CGS/f:04-nm:030-sm:008.sp,<>G((p -> <1>G(p))),2,2.64,288.95,291.59,4,60,msat,<>G((p -> <1>G(p))),TRUE,20,atl,2,30,30,6,10,TRUE,111.1,105.12,4,5.98,<>G((p -> <1>G(p)))
test_suite/large_cgs/CGS/f:05-nm:005-sm:008.sp,"<>G((p -> <0,1>F(q)))",2,0.54,7.87,8.41,4,10,msat,"<0,1>F(<>G(<0,1>F(q)))",TRUE,20,atl,2,5,5,6,10,TRUE,4.46,3.83,4,0.62,(<1>F(p) -> <1>X(p))
test_suite/large_cgs/CGS/f:05-nm:010-sm:008.sp,"<>G((p -> <0,1>F(q)))",2,8.79,49.99,58.78,5,20,msat,"<>G((p -> <0,1>F(q)))",TRUE,20,atl,2,10,10,6,10,TRUE,39.74,22.91,5,16.83,"<>G((p -> <0,1>F(q)))"
test_suite/large_cgs/CGS/f:05-nm:015-sm:008.sp,"<>G((p -> <0,1>F(q)))",2,14.42,117.3,131.72,5,30,msat,"<>G((p -> <0,1>F(q)))",TRUE,20,atl,2,15,15,6,10,TRUE,61.77,51.93,5,9.84,"<>G((p -> <0,1>F(q)))"
test_suite/large_cgs/CGS/f:05-nm:020-sm:008.sp,"<>G((p -> <0,1>F(q)))",2,18.33,200.64,218.97,5,40,msat,"<>G((p -> <0,1>F(q)))",TRUE,20,atl,2,20,20,6,10,TRUE,103.55,88.02,5,15.53,"<>G((p -> <0,1>F(q)))"
test_suite/large_cgs/CGS/f:05-nm:025-sm:008.sp,"<>G((p -> <0,1>F(q)))",2,36.82,323.12,359.94,5,50,msat,"<>G((p -> <0,1>F(q)))",TRUE,20,atl,2,25,25,6,10,TRUE,215.28,138.5,5,76.78,"<>G((p -> <0,1>F(q)))"
test_suite/large_cgs/CGS/f:05-nm:030-sm:008.sp,"<>G((p -> <0,1>F(q)))",2,37.06,480.48,517.54,5,60,msat,"<>G((p -> <0,1>F(q)))",TRUE,20,atl,2,30,30,6,10,TRUE,268.82,201.91,5,66.92,"<>G((p -> <0,1>F(q)))"
test_suite/large_cgs/CGS/f:06-nm:005-sm:008.sp,<>G((p -> <1>X(q))),2,0.52,6.99,7.51,4,10,msat,<1>X(<0>X(<>X(q))),TRUE,20,atl,2,5,5,6,10,TRUE,3.55,3.15,4,0.39,"<1>X(<0,1>X(<>X(q)))"
test_suite/large_cgs/CGS/f:06-nm:010-sm:008.sp,<>G((p -> <1>X(q))),2,8.18,49.49,57.66,5,20,msat,<>G((p -> <1>X(q))),TRUE,20,atl,2,10,10,6,10,TRUE,32.55,21.35,5,11.2,<>G((p -> <1>X(q)))
test_suite/large_cgs/CGS/f:06-nm:015-sm:008.sp,<>G((p -> <1>X(q))),2,11.1,107.92,119.02,5,30,msat,<>G((p -> <1>X(q))),TRUE,20,atl,2,15,15,6,10,TRUE,70.67,44.38,5,26.29,<>G((p -> <1>X(q)))
test_suite/large_cgs/CGS/f:06-nm:020-sm:008.sp,<>G((p -> <1>X(q))),2,10.22,193.97,204.19,5,40,msat,<>G((p -> <1>X(q))),TRUE,20,atl,2,20,20,6,10,TRUE,101.88,78.36,5,23.52,<>G((p -> <1>X(q)))
test_suite/large_cgs/CGS/f:06-nm:025-sm:008.sp,<>G((p -> <1>X(q))),2,11.77,305.24,317.01,5,50,msat,<>G((p -> <1>X(q))),TRUE,20,atl,2,25,25,6,10,TRUE,131.95,125.08,5,6.87,<>G((p -> <1>X(q)))
test_suite/large_cgs/CGS/f:06-nm:030-sm:008.sp,<>G((p -> <1>X(q))),2,13.29,444.72,458.01,5,60,msat,<>G((p -> <1>X(q))),TRUE,20,atl,2,30,30,6,10,TRUE,248.03,184.03,5,64,<>G((p -> <1>X(q)))
test_suite/large_cgs/CGS/f:01-nm:005-sm:013.sp,<1>X(p),2,0.09,3.1,3.19,2,10,msat,<1>X(p),TRUE,20,atl,2,5,5,11,15,TRUE,1.27,1.19,2,0.08,<1>X(p)
test_suite/large_cgs/CGS/f:01-nm:010-sm:013.sp,<1>X(p),2,0.2,14.09,14.3,2,20,msat,<1>X(p),TRUE,20,atl,2,10,10,11,15,TRUE,4.14,3.97,2,0.17,<1>X(p)
test_suite/large_cgs/CGS/f:01-nm:015-sm:013.sp,<1>X(p),2,0.33,29.48,29.81,2,30,msat,<1>X(p),TRUE,20,atl,2,15,15,11,15,TRUE,8.4,8.18,2,0.23,<1>X(p)
test_suite/large_cgs/CGS/f:01-nm:020-sm:013.sp,<1>X(p),2,0.43,50.79,51.23,2,40,msat,<1>X(p),TRUE,20,atl,2,20,20,11,15,TRUE,14.33,13.94,2,0.39,<1>X(p)
test_suite/large_cgs/CGS/f:01-nm:025-sm:013.sp,<1>X(p),2,0.52,80.15,80.67,2,50,msat,<1>X(p),TRUE,20,atl,2,25,25,11,15,TRUE,22.23,21.74,2,0.49,<1>X(p)
test_suite/large_cgs/CGS/f:01-nm:030-sm:013.sp,<1>X(p),2,0.7,111.99,112.69,2,60,msat,<1>X(p),TRUE,20,atl,2,30,30,11,15,TRUE,30.99,30.46,2,0.53,<1>X(p)
test_suite/large_cgs/CGS/f:02-nm:005-sm:013.sp,<0>F(p),2,0.08,3.04,3.12,2,10,msat,<0>X(p),TRUE,20,atl,2,5,5,11,15,TRUE,1.24,1.16,2,0.08,<0>X(p)
test_suite/large_cgs/CGS/f:02-nm:010-sm:013.sp,<0>F(p),2,0.2,12.03,12.23,2,20,msat,<0>F(p),TRUE,20,atl,2,10,10,11,15,TRUE,3.95,3.78,2,0.17,<0>F(p)
test_suite/large_cgs/CGS/f:02-nm:015-sm:013.sp,<0>F(p),2,0.25,24.75,25,2,30,msat,<0>F(p),TRUE,20,atl,2,15,15,11,15,TRUE,8.21,7.98,2,0.23,<0>F(p)
test_suite/large_cgs/CGS/f:02-nm:020-sm:013.sp,<0>F(p),2,0.39,45.29,45.68,2,40,msat,<0>F(p),TRUE,20,atl,2,20,20,11,15,TRUE,13.72,13.35,2,0.37,<0>F(p)
test_suite/large_cgs/CGS/f:02-nm:025-sm:013.sp,<0>F(p),2,0.45,70.38,70.83,2,50,msat,<0>F(p),TRUE,20,atl,2,25,25,11,15,TRUE,21.11,20.66,2,0.45,<0>F(p)
test_suite/large_cgs/CGS/f:02-nm:030-sm:013.sp,<0>F(p),2,0.52,98.97,99.5,2,60,msat,<0>F(p),TRUE,20,atl,2,30,30,11,15,TRUE,30.3,29.81,2,0.49,<0>F(p)
test_suite/large_cgs/CGS/f:03-nm:005-sm:013.sp,<>G(((p & (! q)) -> <1>G(p))),2,109.06,104.98,214.04,6,10,msat,<>G((p -> (<1>G(p) | q))),TRUE,20,atl,2,5,5,11,15,TRUE,151.12,32.1,6,119.02,<>X((<1>X(<1>G(<0>F(q))) -> q))
test_suite/large_cgs/CGS/f:03-nm:010-sm:013.sp,<>G(((p & (! q)) -> <1>G(p))),2,168.56,373.51,542.07,6,20,msat,<>G((q | (p -> <1>G(p)))),TRUE,20,atl,2,10,10,11,15,TRUE,1123.17,109.76,6,1013.41,<>G((<1>X(p) | (p -> q)))
test_suite/large_cgs/CGS/f:03-nm:015-sm:013.sp,<>G(((p & (! q)) -> <1>G(p))),2,815.49,912.13,1727.61,6,30,msat,<>G((<1>X(p) | (p -> q))),TRUE,20,atl,2,15,15,11,15,TRUE,903.92,245.49,6,658.43,<>G((p -> (<1>X(p) | q)))
test_suite/large_cgs/CGS/f:03-nm:020-sm:013.sp,<>G(((p & (! q)) -> <1>G(p))),2,248.69,1468.1,1716.8,6,40,msat,<>G(((p -> q) | <1>X(p))),TRUE,20,atl,2,20,20,11,15,TRUE,897.69,409.34,6,488.36,<>G(((p -> <1>G(p)) | q))
test_suite/large_cgs/CGS/f:03-nm:025-sm:013.sp,<>G(((p & (! q)) -> <1>G(p))),2,2400,2400,2400,,50,msat,,,20,atl,2,25,25,11,15,TRUE,1497.3,642.09,6,855.22,<>G((q | (p -> <1>G(p))))
test_suite/large_cgs/CGS/f:03-nm:030-sm:013.sp,<>G(((p & (! q)) -> <1>G(p))),2,2400,2400,2400,,60,msat,,,20,atl,2,30,30,11,15,TRUE,2400,2400,,2400,
test_suite/large_cgs/CGS/f:04-nm:005-sm:013.sp,<>G((p -> <1>G(p))),2,2.86,32.99,35.85,4,10,msat,<>G((p -> <1>X(p))),TRUE,20,atl,2,5,5,11,15,TRUE,10.61,8.35,4,2.25,<>G((p -> <1>X(p)))
test_suite/large_cgs/CGS/f:04-nm:010-sm:013.sp,<>G((p -> <1>G(p))),2,3.87,113.33,117.2,4,20,msat,<>G((p -> <1>X(p))),TRUE,20,atl,2,10,10,11,15,TRUE,36.56,31.24,4,5.33,<>G((p -> <1>X(p)))
test_suite/large_cgs/CGS/f:04-nm:015-sm:013.sp,<>G((p -> <1>G(p))),2,7.2,243.93,251.13,4,30,msat,<>G((p -> <1>G(p))),TRUE,20,atl,2,15,15,11,15,TRUE,73.06,70.13,4,2.93,<>G((p -> <1>X(p)))
test_suite/large_cgs/CGS/f:04-nm:020-sm:013.sp,<>G((p -> <1>G(p))),2,11.19,430.66,441.84,4,40,msat,<>G((p -> <1>X(p))),TRUE,20,atl,2,20,20,11,15,TRUE,130.16,124.55,4,5.61,<>G((p -> <1>G(p)))
test_suite/large_cgs/CGS/f:04-nm:025-sm:013.sp,<>G((p -> <1>G(p))),2,8.28,659.25,667.53,4,50,msat,<>G((p -> <1>G(p))),TRUE,20,atl,2,25,25,11,15,TRUE,204.19,188.39,4,15.8,<>G((p -> <1>G(p)))
test_suite/large_cgs/CGS/f:04-nm:030-sm:013.sp,<>G((p -> <1>G(p))),2,13.55,964.27,977.82,4,60,msat,<>G((p -> <1>X(p))),TRUE,20,atl,2,30,30,11,15,TRUE,294.07,274.72,4,19.35,<>G((p -> <1>G(p)))
test_suite/large_cgs/CGS/f:05-nm:005-sm:013.sp,"<>G((p -> <0,1>F(q)))",2,0.27,12.59,12.86,3,10,msat,"<>G(<0,1>F(q))",TRUE,20,atl,2,5,5,11,15,TRUE,4.39,4.04,3,0.35,"<>G(<0,1>F(q))"
test_suite/large_cgs/CGS/f:05-nm:010-sm:013.sp,"<>G((p -> <0,1>F(q)))",2,2.77,112.01,114.79,4,20,msat,"(<0,1>F(<>G(p)) -> <>G(p))",TRUE,20,atl,2,10,10,11,15,TRUE,34.77,32.94,4,1.83,<>G((! <>G(p)))
test_suite/large_cgs/CGS/f:05-nm:015-sm:013.sp,"<>G((p -> <0,1>F(q)))",2,19.3,485.44,504.73,5,30,msat,<>G((<>G(p) -> q)),TRUE,20,atl,2,15,15,11,15,TRUE,184.11,141.11,5,43.01,"<>G(<0,1>(p U (p -> q)))"
test_suite/large_cgs/CGS/f:05-nm:020-sm:013.sp,"<>G((p -> <0,1>F(q)))",2,147.03,853.4,1000.42,5,40,msat,"<>G((p -> <0,1>F(q)))",TRUE,20,atl,2,20,20,11,15,TRUE,371.85,251.56,5,120.29,"<>G(<0,1>(p U (p -> q)))"
test_suite/large_cgs/CGS/f:05-nm:025-sm:013.sp,"<>G((p -> <0,1>F(q)))",2,74.08,1277.78,1351.86,5,50,msat,"<>G((p -> <0,1>F(q)))",TRUE,20,atl,2,25,25,11,15,TRUE,496.32,380.88,5,115.45,"<>G((p -> <0,1>F(q)))"
test_suite/large_cgs/CGS/f:05-nm:030-sm:013.sp,"<>G((p -> <0,1>F(q)))",2,116.19,1818.59,1934.78,5,60,msat,"<>G((p -> <0,1>F(q)))",TRUE,20,atl,2,30,30,11,15,TRUE,787.35,542.51,5,244.84,"<>G(<0,1>(p U (p -> q)))"
test_suite/large_cgs/CGS/f:06-nm:005-sm:013.sp,<>G((p -> <1>X(q))),2,6.48,58.41,64.89,5,10,msat,"<0>G((<0,1>X(<>X(p)) -> <>X(p)))",TRUE,20,atl,2,5,5,11,15,TRUE,25.5,17.96,5,7.53,<0>G(<>X((! <>X(p))))
test_suite/large_cgs/CGS/f:06-nm:010-sm:013.sp,<>G((p -> <1>X(q))),2,31.68,203.36,235.03,5,20,msat,<>G((p -> <1>X(q))),TRUE,20,atl,2,10,10,11,15,TRUE,92.25,61.31,5,30.93,<>G((p -> <1>X(q)))
test_suite/large_cgs/CGS/f:06-nm:015-sm:013.sp,<>G((p -> <1>X(q))),2,26.24,480.52,506.76,5,30,msat,<>G((p -> <1>X(q))),TRUE,20,atl,2,15,15,11,15,TRUE,229.04,133.08,5,95.96,<>G((p -> <1>X(q)))
test_suite/large_cgs/CGS/f:06-nm:020-sm:013.sp,<>G((p -> <1>X(q))),2,139.23,852.27,991.5,5,40,msat,<>G((p -> <1>X(q))),TRUE,20,atl,2,20,20,11,15,TRUE,330.25,237.56,5,92.69,<>G((p -> <1>X(q)))
test_suite/large_cgs/CGS/f:06-nm:025-sm:013.sp,<>G((p -> <1>X(q))),2,158.38,1318.43,1476.81,5,50,msat,<>G((p -> <1>X(q))),TRUE,20,atl,2,25,25,11,15,TRUE,465.55,361.66,5,103.89,<>G((p -> <1>X(q)))
test_suite/large_cgs/CGS/f:06-nm:030-sm:013.sp,<>G((p -> <1>X(q))),2,135.64,1962.34,2097.98,5,60,msat,<>G((p -> <1>X(q))),TRUE,20,atl,2,30,30,11,15,TRUE,738.92,526.42,5,212.5,<>G((p -> <1>X(q)))
test_suite/large_cgs/CGS/f:01-nm:005-sm:018.sp,<1>X(p),2,0.21,9.02,9.23,2,10,msat,<1>X(p),TRUE,20,atl,2,5,5,16,20,TRUE,2.58,2.4,2,0.18,<1>X(q)
test_suite/large_cgs/CGS/f:01-nm:010-sm:018.sp,<1>X(p),2,0.46,35.08,35.53,2,20,msat,<1>X(p),TRUE,20,atl,2,10,10,16,20,TRUE,8.23,7.83,2,0.4,<1>X(p)
test_suite/large_cgs/CGS/f:01-nm:015-sm:018.sp,<1>X(p),2,0.74,77.22,77.96,2,30,msat,<1>X(p),TRUE,20,atl,2,15,15,16,20,TRUE,17.2,16.68,2,0.52,<1>X(p)
test_suite/large_cgs/CGS/f:01-nm:020-sm:018.sp,<1>X(p),2,0.9,137.65,138.55,2,40,msat,<1>X(p),TRUE,20,atl,2,20,20,16,20,TRUE,28.22,27.46,2,0.77,<1>X(p)
test_suite/large_cgs/CGS/f:01-nm:025-sm:018.sp,<1>X(p),2,1.1,216.02,217.12,2,50,msat,<1>X(p),TRUE,20,atl,2,25,25,16,20,TRUE,43.51,42.58,2,0.93,<1>X(p)
test_suite/large_cgs/CGS/f:01-nm:030-sm:018.sp,<1>X(p),2,1.62,313.34,314.96,2,60,msat,<1>X(p),TRUE,20,atl,2,30,30,16,20,TRUE,62.57,61.39,2,1.17,<1>X(p)
test_suite/large_cgs/CGS/f:02-nm:005-sm:018.sp,<0>F(p),2,0.19,7.81,8,2,10,msat,<0>F(p),TRUE,20,atl,2,5,5,16,20,TRUE,2.34,2.19,2,0.15,<0>F(p)
test_suite/large_cgs/CGS/f:02-nm:010-sm:018.sp,<0>F(p),2,0.47,37.94,38.41,2,20,msat,<0>F(p),TRUE,20,atl,2,10,10,16,20,TRUE,8.35,7.96,2,0.39,<0>F(p)
test_suite/large_cgs/CGS/f:02-nm:015-sm:018.sp,<0>F(p),2,0.81,82.24,83.05,2,30,msat,<0>F(p),TRUE,20,atl,2,15,15,16,20,TRUE,17.31,16.78,2,0.53,<0>F(p)
test_suite/large_cgs/CGS/f:02-nm:020-sm:018.sp,<0>F(p),2,0.91,137.88,138.79,2,40,msat,<0>F(p),TRUE,20,atl,2,20,20,16,20,TRUE,29.13,28.4,2,0.73,<0>F(p)
test_suite/large_cgs/CGS/f:02-nm:025-sm:018.sp,<0>F(p),2,1.14,219.86,221,2,50,msat,<0>F(p),TRUE,20,atl,2,25,25,16,20,TRUE,43.54,42.61,2,0.93,<0>F(p)
test_suite/large_cgs/CGS/f:02-nm:030-sm:018.sp,<0>F(p),2,1.53,313.41,314.94,2,60,msat,<0>F(p),TRUE,20,atl,2,30,30,16,20,TRUE,61.68,60.54,2,1.14,<0>F(p)
test_suite/large_cgs/CGS/f:03-nm:005-sm:018.sp,<>G(((p & (! q)) -> <1>G(p))),2,5.94,63.65,69.59,4,10,msat,<1>X(<1>F(<0>G(q))),TRUE,20,atl,2,5,5,16,20,TRUE,18.27,16.56,4,1.71,"<>G(<0,1>X(<0>F(p)))"
test_suite/large_cgs/CGS/f:03-nm:010-sm:018.sp,<>G(((p & (! q)) -> <1>G(p))),2,863.03,806.24,1669.27,6,20,msat,<>G(((p -> q) | <1>G(p))),TRUE,20,atl,2,10,10,16,20,TRUE,1556.32,203.88,6,1352.44,<>G((p -> (<1>G(p) | q)))
test_suite/large_cgs/CGS/f:03-nm:015-sm:018.sp,<>G(((p & (! q)) -> <1>G(p))),2,2400,2400,2400,,30,msat,,,20,atl,2,15,15,16,20,TRUE,2227.96,455.96,6,1772,<>G((<1>X(p) | (p -> q)))
test_suite/large_cgs/CGS/f:03-nm:020-sm:018.sp,<>G(((p & (! q)) -> <1>G(p))),2,2400,2400,2400,,40,msat,,,20,atl,2,20,20,16,20,TRUE,1924.09,815.78,6,1108.31,"<>G(<0,1>(q U (p -> <1>G(p))))"
test_suite/large_cgs/CGS/f:03-nm:025-sm:018.sp,<>G(((p & (! q)) -> <1>G(p))),2,2400,2400,2400,,50,msat,,,20,atl,2,25,25,16,20,TRUE,2646.66,1251.34,6,1395.32,<>G(<0>(q U (p -> <1>G(p))))
test_suite/large_cgs/CGS/f:03-nm:030-sm:018.sp,<>G(((p & (! q)) -> <1>G(p))),2,2400,2400,2400,,60,msat,,,20,atl,2,30,30,16,20,TRUE,2635.36,1708.36,6,927,<>G((<1>G(p) | (p -> q)))
test_suite/large_cgs/CGS/f:04-nm:005-sm:018.sp,<>G((p -> <1>G(p))),2,3.67,67.32,71,4,10,msat,"<>G((p -> <0,1>G(p)))",TRUE,20,atl,2,5,5,16,20,TRUE,18.72,16.38,4,2.34,"<>G((p -> <0,1>X(p)))"
test_suite/large_cgs/CGS/f:04-nm:010-sm:018.sp,<>G((p -> <1>G(p))),2,12.77,283.65,296.42,4,20,msat,<>G((p -> <1>X(p))),TRUE,20,atl,2,10,10,16,20,TRUE,81.89,63.68,4,18.21,<>G((p -> <1>X(p)))
test_suite/large_cgs/CGS/f:04-nm:015-sm:018.sp,<>G((p -> <1>G(p))),2,22.32,659.93,682.25,4,30,msat,<>G((p -> <1>G(p))),TRUE,20,atl,2,15,15,16,20,TRUE,158.85,135.91,4,22.94,<>G((p -> <1>G(p)))
test_suite/large_cgs/CGS/f:04-nm:020-sm:018.sp,<>G((p -> <1>G(p))),2,24.58,1211.2,1235.78,4,40,msat,<>G((p -> <1>G(p))),TRUE,20,atl,2,20,20,16,20,TRUE,257.48,234.84,4,22.64,<>G((p -> <1>G(p)))
test_suite/large_cgs/CGS/f:04-nm:025-sm:018.sp,<>G((p -> <1>G(p))),2,31.18,1889.53,1920.71,4,50,msat,<>G((p -> <1>G(p))),TRUE,20,atl,2,25,25,16,20,TRUE,405.43,364.06,4,41.38,<>G((p -> <1>G(p)))
test_suite/large_cgs/CGS/f:04-nm:030-sm:018.sp,<>G((p -> <1>G(p))),2,2400,2400,2400,,60,msat,,,20,atl,2,30,30,16,20,TRUE,550.78,530.32,4,20.46,<>G((p -> <1>G(p)))
test_suite/large_cgs/CGS/f:05-nm:005-sm:018.sp,"<>G((p -> <0,1>F(q)))",2,8.22,66.13,74.35,4,10,msat,"<0,1>(p U <>X((! p)))",TRUE,20,atl,2,5,5,16,20,TRUE,19.63,16.9,4,2.72,"<0,1>(p U (! <0,1>X(p)))"
test_suite/large_cgs/CGS/f:05-nm:010-sm:018.sp,"<>G((p -> <0,1>F(q)))",2,145.04,565.85,710.89,5,20,msat,"<>G((p -> <0,1>F(q)))",TRUE,20,atl,2,10,10,16,20,TRUE,389.09,122.15,5,266.94,"<>G((p -> <0,1>F(q)))"
test_suite/large_cgs/CGS/f:05-nm:015-sm:018.sp,"<>G((p -> <0,1>F(q)))",2,212.53,1169.66,1382.19,5,30,msat,"<>G((p -> <0,1>F(q)))",TRUE,20,atl,2,15,15,16,20,TRUE,313.9,259.64,5,54.26,"<>G((p -> <0,1>F(q)))"
test_suite/large_cgs/CGS/f:05-nm:020-sm:018.sp,"<>G((p -> <0,1>F(q)))",2,160.64,2129.77,2290.41,5,40,msat,"<>G((p -> <0,1>F(q)))",TRUE,20,atl,2,20,20,16,20,TRUE,802.11,461.3,5,340.81,"<>G((p -> <0,1>F(q)))"
test_suite/large_cgs/CGS/f:05-nm:025-sm:018.sp,"<>G((p -> <0,1>F(q)))",2,2400,2400,2400,,50,msat,,,20,atl,2,25,25,16,20,TRUE,976.27,735.51,5,240.76,"<>G((p -> <0,1>F(q)))"
test_suite/large_cgs/CGS/f:05-nm:030-sm:018.sp,"<>G((p -> <0,1>F(q)))",2,2400,2400,2400,,60,msat,,,20,atl,2,30,30,16,20,TRUE,1549.12,1016.21,5,532.92,"<>G((p -> <0,1>F(q)))"
test_suite/large_cgs/CGS/f:06-nm:005-sm:018.sp,<>G((p -> <1>X(q))),2,47.28,132.54,179.81,5,10,msat,"<>G((<0,1>G(p) -> <1>G(p)))",TRUE,20,atl,2,5,5,16,20,TRUE,44.6,33.15,5,11.46,<>G((p -> <1>X(q)))
test_suite/large_cgs/CGS/f:06-nm:010-sm:018.sp,<>G((p -> <1>X(q))),2,121,528.93,649.93,5,20,msat,<>G((p -> <1>X(q))),TRUE,20,atl,2,10,10,16,20,TRUE,346.26,121.98,5,224.28,<>G((p -> <1>X(q)))
test_suite/large_cgs/CGS/f:06-nm:015-sm:018.sp,<>G((p -> <1>X(q))),2,153.18,1167.05,1320.23,5,30,msat,<>G((p -> <1>X(q))),TRUE,20,atl,2,15,15,16,20,TRUE,560.6,268.69,5,291.91,<>G((p -> <1>X(q)))
test_suite/large_cgs/CGS/f:06-nm:020-sm:018.sp,<>G((p -> <1>X(q))),2,194.85,2156.05,2350.9,5,40,msat,<>G((p -> <1>X(q))),TRUE,20,atl,2,20,20,16,20,TRUE,869.81,482.33,5,387.48,<>G((p -> <1>X(q)))
test_suite/large_cgs/CGS/f:06-nm:025-sm:018.sp,<>G((p -> <1>X(q))),2,2400,2400,2400,,50,msat,,,20,atl,2,25,25,16,20,TRUE,1053.49,751.2,5,302.29,<>G((p -> <1>X(q)))
test_suite/large_cgs/CGS/f:06-nm:030-sm:018.sp,<>G((p -> <1>X(q))),2,2400,2400,2400,,60,msat,,,20,atl,2,30,30,16,20,TRUE,1372.18,1041.33,5,330.85,<>G((p -> <1>X(q)))
